USE Films

INSERT INTO Filmy (Tytul, Budzet, Kraj, DataRozpoczecia, DataZakonczenia, Streszczenie, Zdjecie, CzasTrwania)
VALUES 
('Movie1', 1000000, 'Poland', '2001-01-01', '2002-12-31', 'This movie is about young boy who wants to become a president.', 'photo1.jpg', 120),
('Movie2', 500000, 'UK', '2022-02-15', '2022-11-30', 'This film is about zombie apocalypse in 2231', 'photo2.jpg', 150),
('Movie3', 2000000, 'Canada', '2005-03-10', '2006-10-15', 'Incredible story about very smart girl !!!', 'photo3.jpg', 180),
('Movie4', 800000, 'Australia', '2004-04-05', '2004-09-20', 'A thrilling adventure set in the Australian outback.', 'photo4.jpg', 135),
('Movie5', 1200000, 'USA', '2022-05-20', '2022-08-31', 'A heartwarming tale of friendship and perseverance.', 'photo5.jpg', 110),
('Movie6', 600000, 'Germany', '2010-06-15', '2011-08-15', 'An intriguing mystery that unfolds in the streets of Berlin.', 'photo6.jpg', 140),
('Movie7', 1500000, 'France', '2012-07-01', '2013-12-01', 'Epic historical drama set during the French Revolution.', 'photo7.jpg', 170),
('Movie8', 900000, 'Japan', '2022-08-10', '2022-11-10', 'A futuristic sci-fi adventure exploring artificial intelligence.', 'photo8.jpg', 155),
('Movie9', 700000, 'Brazil', '2022-09-25', '2023-01-15', 'A comedy about a group of friends on a road trip across Brazil.', 'photo9.jpg', 125),
('Movie10', 2500000, 'South Korea', '2014-10-15', '2015-02-28', 'A psychological thriller with unexpected twists and turns.', 'photo10.jpg', 160),
('Movie11', 1500000, 'Spain', '1996-11-05', '1997-04-15', 'A romantic tale set against the backdrop of Spanish vineyards.', 'photo11.jpg', 145),
('Movie12', 1800000, 'Mexico', '2022-12-20', '2023-06-30', 'A family comedy about a mischievous pet parrot in Mexico City.', 'photo12.jpg', 100),
('Movie13', 1000000, 'Ukraine', '2023-01-10', '2023-08-20', 'Thrilling espionWiek plot unfolding in the snowy landscapes of Kyiv.', 'photo13.jpg', 165),
('Movie14', 2200000, 'India', '1992-02-15', '1993-09-25', 'Bollywood musical extravaganza with a captivating love story.', 'photo14.jpg', 180),
('Movie15', 1300000, 'Argentina', '2023-03-01', '2023-10-10', 'A sports drama following the journey of an aspiring soccer player.', 'photo15.jpg', 120),
('Movie16', 900000, 'Sweden', '2023-04-15', '2023-11-30', 'A psychological horror set in a remote Swedish villWiek.', 'photo16.jpg', 140),
('Movie17', 2000000, 'China', '2023-05-20', '2024-01-05', 'Epic fantasy adventure inspired by ancient Chinese mythology.', 'photo17.jpg', 175),
('Movie18', 700000, 'Netherlands', '2023-06-10', '2024-02-15', 'Quirky comedy about a group of artists navigating life in Amsterdam.', 'photo18.jpg', 110),
('Movie19', 2500000, 'South Africa', '2023-07-25', '2024-03-20', 'Dramatic story of survival during a wildlife conservation mission.', 'photo19.jpg', 155),
('Movie20', 1200000, 'Italy', '2023-08-20', '2024-04-30', 'Romantic comedy exploring love and culture in the heart of Rome.', 'photo20.jpg', 130);

INSERT INTO Gatunki (Nazwa, CharakterystyczneCechy)
VALUES 
('Thriller', 'Suspenseful plot twists and tension-filled scenes'),
('Sci-Fi', 'Futuristic and imaginative exploration of science and technology'),
('Romance', 'Heartwarming love stories with emotional depth'),
('Horror', 'Frightening and chilling atmosphere, often with supernatural elements'),
('Mystery', 'Intriguing and puzzling plot with a focus on solving a mystery'),
('Fantasy', 'Magical and otherworldly settings with mythical creatures'),
('Adventure', 'Exciting journeys and exploration of unknown territories'),
('Family', 'Entertaining for all Wieks, often centered around family values'),
('Animation', 'Animated characters and vibrant visual storytelling'),
('Documentary', 'Non-fictional storytelling based on real events or subjects'),
('Historical', 'Set in a specific historical period, often with real historical figures'),
('Musical', 'Incorporates musical performances as a central element'),
('War', 'Focuses on wartime conflicts and their impact on individuals'),
('Crime', 'Involves criminal activities and investigations'),
('Biography', 'Depicts the life and achievements of real individuals'),
('Western', 'Set in the American Old West, often involving cowboys and outlaws'),
('Superhero', 'Features characters with superhuman abilities and heroic missions'),
('Sports', 'Centers around competitive sports and athletic achievements'),
('Psychological', 'Explores the complexities of the human mind and emotions'),
('Romantic Comedy', 'Blends romance and humor for a lighthearted and enjoyable experience');

INSERT INTO NalezyDo (FilmId, NazwaGatunku)
VALUES
((SELECT FilmId FROM Filmy WHERE Tytul = 'Movie1' AND Kraj='Poland' AND DataRozpoczecia='2001-01-01'), 'Thriller'),
((SELECT FilmId FROM Filmy WHERE Tytul = 'Movie1' AND Kraj='Poland' AND DataRozpoczecia='2001-01-01'), 'Sci-Fi'),
((SELECT FilmId FROM Filmy WHERE Tytul = 'Movie1' AND Kraj='Poland' AND DataRozpoczecia='2001-01-01'), 'Mystery'),
((SELECT FilmId FROM Filmy WHERE Tytul = 'Movie2' AND Kraj='UK' AND DataRozpoczecia='2022-02-15'), 'Sci-Fi'),
((SELECT FilmId FROM Filmy WHERE Tytul = 'Movie3' AND Kraj='Canada' AND DataRozpoczecia='2005-03-10'), 'Romance'),
((SELECT FilmId FROM Filmy WHERE Tytul = 'Movie3' AND Kraj='Canada' AND DataRozpoczecia='2005-03-10'), 'Fantasy'),
((SELECT FilmId FROM Filmy WHERE Tytul = 'Movie4' AND Kraj='Australia' AND DataRozpoczecia='2004-04-05'), 'Horror'),
((SELECT FilmId FROM Filmy WHERE Tytul = 'Movie5' AND Kraj='USA' AND DataRozpoczecia='2022-05-20'), 'Fantasy'),
((SELECT FilmId FROM Filmy WHERE Tytul = 'Movie6' AND Kraj='Germany' AND DataRozpoczecia='2010-06-15'), 'Mystery'),
((SELECT FilmId FROM Filmy WHERE Tytul = 'Movie7' AND Kraj='France' AND DataRozpoczecia='2012-07-01'), 'Adventure'),
((SELECT FilmId FROM Filmy WHERE Tytul = 'Movie7' AND Kraj='France' AND DataRozpoczecia='2012-07-01'), 'Family'),
((SELECT FilmId FROM Filmy WHERE Tytul = 'Movie8' AND Kraj='Japan' AND DataRozpoczecia='2022-08-10'), 'Sci-Fi'),
((SELECT FilmId FROM Filmy WHERE Tytul = 'Movie9' AND Kraj='Brazil' AND DataRozpoczecia='2022-09-25'), 'Family'),
((SELECT FilmId FROM Filmy WHERE Tytul = 'Movie10' AND Kraj='South Korea' AND DataRozpoczecia='2014-10-15'), 'Animation'),
((SELECT FilmId FROM Filmy WHERE Tytul = 'Movie11' AND Kraj='Spain' AND DataRozpoczecia='1996-11-05'), 'Documentary'),
((SELECT FilmId FROM Filmy WHERE Tytul = 'Movie12' AND Kraj='Mexico' AND DataRozpoczecia='2022-12-20'), 'Crime'),
((SELECT FilmId FROM Filmy WHERE Tytul = 'Movie13' AND Kraj='Ukraine' AND DataRozpoczecia='2023-01-10'), 'Historical'),
((SELECT FilmId FROM Filmy WHERE Tytul = 'Movie14' AND Kraj='India' AND DataRozpoczecia='1992-02-15'), 'Musical'),
((SELECT FilmId FROM Filmy WHERE Tytul = 'Movie15' AND Kraj='Argentina' AND DataRozpoczecia='2023-03-01'), 'Sports'),
((SELECT FilmId FROM Filmy WHERE Tytul = 'Movie16' AND Kraj='Sweden' AND DataRozpoczecia='2023-04-15'), 'War'),
((SELECT FilmId FROM Filmy WHERE Tytul = 'Movie17' AND Kraj='China' AND DataRozpoczecia='2023-05-20'), 'Fantasy'),
((SELECT FilmId FROM Filmy WHERE Tytul = 'Movie18' AND Kraj='Netherlands' AND DataRozpoczecia='2023-06-10'), 'Biography'),
((SELECT FilmId FROM Filmy WHERE Tytul = 'Movie19' AND Kraj='South Africa' AND DataRozpoczecia='2023-07-25'), 'Western'),
((SELECT FilmId FROM Filmy WHERE Tytul = 'Movie20' AND Kraj='Italy' AND DataRozpoczecia='2023-08-20'), 'Romantic Comedy');;

INSERT INTO StudiaFilmowe (Nazwa, Kraj, RokUtworzenia)
VALUES 
('Company1', 'Poland', 1990),
('Company2', 'UK', 1985),
('Company3', 'Canada', 2000),
('Company4', 'Australia', 1995),
('Company5', 'USA', 1980),
('Company6', 'Germany', 1998),
('Company7', 'France', 1982),
('Company8', 'Japan', 2005),
('Company9', 'Brazil', 1992),
('Company10', 'South Korea', 2008),
('Company11', 'Spain', 1987),
('Company12', 'Mexico', 1993),
('Company13', 'Russia', 2003),
('Company14', 'India', 1997),
('Company15', 'Argentina', 2002),
('Company16', 'Sweden', 1989),
('Company17', 'China', 2006),
('Company18', 'Netherlands', 1996),
('Company19', 'South Africa', 2001),
('Company20', 'Italy', 1999);

INSERT INTO Wytwarzanie (NazwaStudii, FilmId)
VALUES 
('Company1', (SELECT FilmId FROM Filmy WHERE Tytul = 'Movie1' AND Kraj='Poland' AND DataRozpoczecia='2001-01-01')),
('Company1', (SELECT FilmId FROM Filmy WHERE Tytul = 'Movie2' AND Kraj='UK' AND DataRozpoczecia='2022-02-15')),
('Company1', (SELECT FilmId FROM Filmy WHERE Tytul = 'Movie19' AND Kraj='South Africa' AND DataRozpoczecia='2023-07-25')),
('Company3', (SELECT FilmId FROM Filmy WHERE Tytul = 'Movie3' AND Kraj='Canada' AND DataRozpoczecia='2005-03-10')),
('Company3', (SELECT FilmId FROM Filmy WHERE Tytul = 'Movie2' AND Kraj='UK' AND DataRozpoczecia='2022-02-15')),
('Company4', (SELECT FilmId FROM Filmy WHERE Tytul = 'Movie4' AND Kraj='Australia' AND DataRozpoczecia='2004-04-05')),
('Company5', (SELECT FilmId FROM Filmy WHERE Tytul = 'Movie5' AND Kraj='USA' AND DataRozpoczecia='2022-05-20')),
('Company5', (SELECT FilmId FROM Filmy WHERE Tytul = 'Movie8' AND Kraj='Japan' AND DataRozpoczecia='2022-08-10')),
('Company2', (SELECT FilmId FROM Filmy WHERE Tytul = 'Movie6' AND Kraj='Germany' AND DataRozpoczecia='2010-06-15')),
('Company6', (SELECT FilmId FROM Filmy WHERE Tytul = 'Movie7' AND Kraj='France' AND DataRozpoczecia='2012-07-01')),
('Company8', (SELECT FilmId FROM Filmy WHERE Tytul = 'Movie8' AND Kraj='Japan' AND DataRozpoczecia='2022-08-10')),
('Company8',  (SELECT FilmId FROM Filmy WHERE Tytul = 'Movie17' AND Kraj='China' AND DataRozpoczecia='2023-05-20')),
('Company9', (SELECT FilmId FROM Filmy WHERE Tytul = 'Movie9' AND Kraj='Brazil' AND DataRozpoczecia='2022-09-25')),
('Company10', (SELECT FilmId FROM Filmy WHERE Tytul = 'Movie10' AND Kraj='South Korea' AND DataRozpoczecia='2014-10-15')),
('Company11', (SELECT FilmId FROM Filmy WHERE Tytul = 'Movie11' AND Kraj='Spain' AND DataRozpoczecia='1996-11-05')),
('Company12', (SELECT FilmId FROM Filmy WHERE Tytul = 'Movie12' AND Kraj='Mexico' AND DataRozpoczecia='2022-12-20')),
('Company13', (SELECT FilmId FROM Filmy WHERE Tytul = 'Movie13' AND Kraj='Ukraine' AND DataRozpoczecia='2023-01-10')),
('Company14', (SELECT FilmId FROM Filmy WHERE Tytul = 'Movie14' AND Kraj='India' AND DataRozpoczecia='1992-02-15')),
('Company15', (SELECT FilmId FROM Filmy WHERE Tytul = 'Movie15' AND Kraj='Argentina' AND DataRozpoczecia='2023-03-01')),
('Company15', (SELECT FilmId FROM Filmy WHERE Tytul = 'Movie18' AND Kraj='Netherlands' AND DataRozpoczecia='2023-06-10')),
('Company16', (SELECT FilmId FROM Filmy WHERE Tytul = 'Movie16' AND Kraj='Sweden' AND DataRozpoczecia='2023-04-15')),
('Company17', (SELECT FilmId FROM Filmy WHERE Tytul = 'Movie17' AND Kraj='China' AND DataRozpoczecia='2023-05-20')),
('Company18', (SELECT FilmId FROM Filmy WHERE Tytul = 'Movie18' AND Kraj='Netherlands' AND DataRozpoczecia='2023-06-10')),
('Company19', (SELECT FilmId FROM Filmy WHERE Tytul = 'Movie19' AND Kraj='South Africa' AND DataRozpoczecia='2023-07-25')),
('Company20', (SELECT FilmId FROM Filmy WHERE Tytul = 'Movie20' AND Kraj='Italy' AND DataRozpoczecia='2023-08-20'));;

INSERT INTO Nagrody (NazwaNagrody, Rok, Kategoria)
VALUES 
('Best Movie Award', 2002, 'Best picture'),
('Best Actor Award', 2022, 'Cinematography'),
('Best Director Award', 2007, 'Original song'),
('Best Actress Award', 2004, 'Lead Actress'),
('Best Screenplay Award', 2022, 'Screenplay'),
('Best Visual Effects Award', 2011, 'Visual Effects'),
('Best Supporting Actor Award', 2014, 'Supporting Actor'),
('Best Costume Design Award', 2022, 'Costume Design'),
('Best Editing Award', 2023, 'Editing'),
('Best Soundtrack Award', 2015, 'Original Soundtrack'),
('Best Supporting Actress Award', 1998, 'Supporting Actress'),
('Best Production Design Award', 2023, 'Production Design'),
('Best Makeup and Hairstyling Award', 2023, 'Makeup and Hairstyling'),
('Best Foreign LanguWiek Film Award', 1993, 'Foreign LanguWiek Film'),
('Best Original Score Award', 2023, 'Original Score'),
('Best Animated Feature Award', 2023, 'Animated Feature'),
('Best Sound Editing Award', 2024, 'Sound Editing'),
('Best Original Song Award', 2024, 'Original Song'),
('Best Documentary Feature Award', 2024, 'Documentary Feature'),
('Best Cinematography Award', 2024, 'Cinematography'),
('Best Directorial Debut Award', 2020, 'Directorial Debut'),
('Best Costume Makeup Award', 2019, 'Costume Makeup'),
('Outstanding Achievement in Visual Arts', 2018, 'Visual Arts'),
('Best Original Screenplay Award', 2017, 'Original Screenplay'),
('Best Young Actor and Actress Award', 2016, 'Young Actor and Actress'),
('Best Stunt Coordination Award', 2015, 'Stunt Coordination'),
('Lifetime Achievement Award', 2014, 'Lifetime Achievement'),
('Best Foreign Short Film Award', 2013, 'Foreign Short Film'),
('Best Original Concept Award', 2013, 'Original Concept'),
('Best Adapted Screenplay Award', 2011, 'Adapted Screenplay'),
('Best Art Direction Award', 2010, 'Art Direction'),
('Best Emerging Filmmaker Award', 2009, 'Emerging Filmmaker'),
('Best Ensemble Cast Award', 2008, 'Ensemble Cast'),
('Best Historical Drama Award', 2006, 'Historical Drama'),
('Best Science Fiction Film Award', 2005, 'Science Fiction Film'),
('Best Fantasy Film Award', 2003, 'Fantasy Film'),
('Best Thriller Award', 2001, 'Thriller'),
('Best Choreography Award', 1999, 'Choreography'),
('Best International Director Award', 1996, 'International Director'),
('Best Breakthrough Performance Award', 1994, 'Breakthrough Performance'),
('Best Biographical Film Award', 2008, 'Biographical Film'),
('Best Original Screenplay Award', 2003, 'Original Screenplay'),
('Best Adapted Screenplay Award', 2003, 'Adapted Screenplay'),
('Best Use of Sound Award', 2017, 'Use of Sound'),
('Best Opening Sequence Award', 2019, 'Opening Sequence'),
('Best Closing Sequence Award', 2019, 'Closing Sequence'),
('Best Poster Design Award', 2015, 'Poster Design'),
('Best Marketing Campaign Award', 2016, 'Marketing Campaign'),
('Best Cinematic Experience Award', 2018, 'Cinematic Experience'),
('Best Mini-Series Award', 2021, 'Mini-Series'),
('Best Original Concept Award', 2012, 'Original Concept'),
('Best Fantasy Costume Design Award', 2014, 'Fantasy Costume Design'),
('Best Urban Fantasy Film Award', 2015, 'Urban Fantasy Film'),
('Best Science Fiction Costume Design Award', 2017, 'Science Fiction Costume Design'),
('Best Original Sound Design Award', 2016, 'Original Sound Design'),
('Best Sound Mixing Award', 2015, 'Sound Mixing'),
('Best Make-Up and Prosthetics Award', 2014, 'Make-Up and Prosthetics'),
('Best Historical Costume Design Award', 2012, 'Historical Costume Design'),
('Best Experimental Film Award', 2013, 'Experimental Film'),
('Best Short Film Award', 2020, 'Short Film');


INSERT INTO LudzieKina (Imie, Nazwisko, Kraj, Wiek, RokRozpoczêciaKariery, Zdjêcie)
VALUES 
('John', 'Doe', 'USA', 40, 2000, 'john_doe.jpg'),
('Jane', 'Smith', 'UK', 35, 1995, 'jane_smith.jpg'),
('Bob', 'Johnson', 'Canada', 45, 2010, 'bob_johnson.jpg'),
('Alice', 'Williams', 'Australia', 38, 2002, 'alice_williams.jpg'),
('Michael', 'Anderson', 'Germany', 42, 2005, 'michael_anderson.jpg'),
('Sophie', 'Martinez', 'France', 37, 1998, 'sophie_martinez.jpg'),
('Ken', 'Sato', 'Japan', 41, 2007, 'ken_sato.jpg'),
('Carlos', 'Rodriguez', 'Brazil', 36, 2001, 'carlos_rodriguez.jpg'),
('Yuki', 'Tanaka', 'South Korea', 39, 2009, 'yuki_tanaka.jpg'),
('Elena', 'Garcia', 'Spain', 34, 1997, 'elena_garcia.jpg'),
('Ricardo', 'Lopez', 'Mexico', 43, 2012, 'ricardo_lopez.jpg'),
('Taras', 'Kozachenko', 'Ukraine', 40, 2003, 'taras_kozachenko.jpg'),
('Amit', 'Patel', 'India', 37, 2006, 'amit_patel.jpg'),
('Isabella', 'Fernandez', 'Argentina', 36, 2000, 'isabella_fernandez.jpg'),
('Erik', 'Johansson', 'Sweden', 38, 1999, 'erik_johansson.jpg'),
('Wei', 'Li', 'China', 42, 2008, 'wei_li.jpg'),
('Mia', 'Vanderbilt', 'Netherlands', 35, 2004, 'mia_vanderbilt.jpg'),
('Thabo', 'Mokoena', 'South Africa', 39, 2011, 'thabo_mokoena.jpg'),
('Giuseppe', 'Rossi', 'Italy', 37, 2007, 'giuseppe_rossi.jpg'),
('Lila', 'Andersson', 'Sweden', 36, 2005, 'lila_andersson.jpg'),
('Aya', 'Nakamura', 'Japan', 32, 2010, 'aya_nakamura.jpg'),
('Sebastian', 'Muller', 'Germany', 40, 2002, 'sebastian_muller.jpg'),
('Natalia', 'Shevchenko', 'Ukraine', 33, 2008, 'natalia_shevchenko.jpg'),
('Lucas', 'Silva', 'Brazil', 34, 2015, 'lucas_silva.jpg'),
('Chen', 'Xiao', 'China', 36, 2012, 'chen_xiao.jpg'),
('Hana', 'Kim', 'South Korea', 31, 2011, 'hana_kim.jpg'),
('Mateo', 'Fernandez', 'Spain', 38, 2006, 'mateo_fernandez.jpg'),
('Eva', 'Larsson', 'Sweden', 41, 2003, 'eva_larsson.jpg'),
('Ravi', 'Kumar', 'India', 35, 2009, 'ravi_kumar.jpg'),
('Maria', 'Costa', 'Portugal', 37, 2005, 'maria_costa.jpg'),
('Kacper', 'Abramek', 'Poland', 39, 2004, 'kacper_abramek.jpg'),
('Camila', 'Santos', 'Argentina', 32, 2013, 'camila_santos.jpg'),
('Daisuke', 'Yamamoto', 'Japan', 43, 1998, 'daisuke_yamamoto.jpg'),
('Sofia', 'Moreno', 'Mexico', 36, 2010, 'sofia_moreno.jpg'),
('Anand', 'Raj', 'India', 42, 2007, 'anand_raj.jpg'),
('Olga', 'Novak', 'Ukraine', 34, 2001, 'olga_novak.jpg'),
('Federico', 'Romano', 'Italy', 39, 2008, 'federico_romano.jpg'),
('Lina', 'Olsen', 'Norway', 37, 2006, 'lina_olsen.jpg'),
('Mohammed', 'Abdullah', 'Saudi Arabia', 40, 2009, 'mohammed_abdullah.jpg'),
('Yuki', 'Suzuki', 'Japan', 35, 2014, 'yuki_suzuki.jpg');


INSERT INTO Re¿yserzy (Id, StylTworzenia)
VALUES 
((SELECT ID FROM LudzieKina WHERE Imie = 'John' AND Nazwisko = 'Doe' AND Wiek=40), 'Action-packed'),
((SELECT ID FROM LudzieKina WHERE Imie = 'Jane' AND Nazwisko = 'Smith' AND Wiek=35), 'Drama-oriented'),
((SELECT ID FROM LudzieKina WHERE Imie = 'Bob' AND Nazwisko = 'Johnson' AND Wiek=45), 'Comedy-focused'),
((SELECT ID FROM LudzieKina WHERE Imie = 'Alice' AND Nazwisko = 'Williams' AND Wiek = 38), 'Fantasy-themed'),
((SELECT ID FROM LudzieKina WHERE Imie = 'Michael' AND Nazwisko = 'Anderson' AND Wiek = 42), 'Sci-Fi enthusiast'),
((SELECT ID FROM LudzieKina WHERE Imie = 'Sophie' AND Nazwisko = 'Martinez' AND Wiek = 37), 'Historical storyteller'),
((SELECT ID FROM LudzieKina WHERE Imie = 'Ken' AND Nazwisko = 'Sato' AND Wiek = 41), 'Anime-inspired'),
((SELECT ID FROM LudzieKina WHERE Imie = 'Carlos' AND Nazwisko = 'Rodriguez' AND Wiek = 36), 'Lighthearted and humorous'),
((SELECT ID FROM LudzieKina WHERE Imie = 'Yuki' AND Nazwisko = 'Tanaka' AND Wiek = 39), 'Futuristic and technological'),
((SELECT ID FROM LudzieKina WHERE Imie = 'Elena' AND Nazwisko = 'Garcia' AND Wiek = 34), 'Romantic and emotional'),
((SELECT ID FROM LudzieKina WHERE Imie = 'Aya' AND Nazwisko = 'Nakamura' AND Wiek = 32), 'Energetic and vibrant'),
((SELECT ID FROM LudzieKina WHERE Imie = 'Sebastian' AND Nazwisko = 'Muller' AND Wiek = 40), 'Cinematic and visually stunning'),
((SELECT ID FROM LudzieKina WHERE Imie = 'Natalia' AND Nazwisko = 'Shevchenko' AND Wiek = 33), 'Mystery and suspenseful'),
((SELECT ID FROM LudzieKina WHERE Imie = 'Lucas' AND Nazwisko = 'Silva' AND Wiek = 34), 'Quirky and offbeat'),
((SELECT ID FROM LudzieKina WHERE Imie = 'Chen' AND Nazwisko = 'Xiao' AND Wiek = 36), 'Epic and grand-scale'),
((SELECT ID FROM LudzieKina WHERE Imie = 'Hana' AND Nazwisko = 'Kim' AND Wiek = 31), 'Romantic and heartwarming'),
((SELECT ID FROM LudzieKina WHERE Imie = 'Mateo' AND Nazwisko = 'Fernandez' AND Wiek = 38), 'Artistic and poetic'),
((SELECT ID FROM LudzieKina WHERE Imie = 'Eva' AND Nazwisko = 'Larsson' AND Wiek = 41), 'Cerebral and thought-provoking'),
((SELECT ID FROM LudzieKina WHERE Imie = 'Ravi' AND Nazwisko = 'Kumar' AND Wiek = 35), 'Socially conscious'),
((SELECT ID FROM LudzieKina WHERE Imie = 'Maria' AND Nazwisko = 'Costa' AND Wiek = 37), 'Family-oriented');;

INSERT INTO Tworzenie (FilmId, CzlowiekId)
VALUES 
((SELECT FilmId FROM Filmy WHERE Tytul = 'Movie1' AND Kraj='Poland' AND DataRozpoczecia='2001-01-01'), (SELECT ID FROM LudzieKina WHERE Imie = 'John' AND Nazwisko = 'Doe' AND Wiek=40)),
((SELECT FilmId FROM Filmy WHERE Tytul = 'Movie1' AND Kraj='Poland' AND DataRozpoczecia='2001-01-01'), (SELECT ID FROM LudzieKina WHERE Imie = 'Bob' AND Nazwisko = 'Johnson' AND Wiek=45)),
((SELECT FilmId FROM Filmy WHERE Tytul = 'Movie1' AND Kraj='Poland' AND DataRozpoczecia='2001-01-01'), (SELECT ID FROM LudzieKina WHERE Imie = 'Alice' AND Nazwisko = 'Williams' AND Wiek = 38)),
((SELECT FilmId FROM Filmy WHERE Tytul = 'Movie2' AND Kraj='UK' AND DataRozpoczecia='2022-02-15'), (SELECT ID FROM LudzieKina WHERE Imie = 'John' AND Nazwisko = 'Doe' AND Wiek=40)),
((SELECT FilmId FROM Filmy WHERE Tytul = 'Movie3' AND Kraj='Canada' AND DataRozpoczecia='2005-03-10'), (SELECT ID FROM LudzieKina WHERE Imie = 'John' AND Nazwisko = 'Doe' AND Wiek=40)),
((SELECT FilmId FROM Filmy WHERE Tytul = 'Movie2' AND Kraj='UK' AND DataRozpoczecia='2022-02-15'), (SELECT ID FROM LudzieKina WHERE Imie = 'Jane' AND Nazwisko = 'Smith' AND Wiek=35)),
((SELECT FilmId FROM Filmy WHERE Tytul = 'Movie3' AND Kraj='Canada' AND DataRozpoczecia='2005-03-10'), (SELECT ID FROM LudzieKina WHERE Imie = 'Bob' AND Nazwisko = 'Johnson' AND Wiek=45)),
((SELECT FilmId FROM Filmy WHERE Tytul = 'Movie4' AND Kraj='Australia' AND DataRozpoczecia='2004-04-05'), (SELECT ID FROM LudzieKina WHERE Imie = 'Alice' AND Nazwisko = 'Williams' AND Wiek = 38)),
((SELECT FilmId FROM Filmy WHERE Tytul = 'Movie5' AND Kraj='USA' AND DataRozpoczecia='2022-05-20'), (SELECT ID FROM LudzieKina WHERE Imie = 'Michael' AND Nazwisko = 'Anderson' AND Wiek = 42)),
((SELECT FilmId FROM Filmy WHERE Tytul = 'Movie5' AND Kraj='USA' AND DataRozpoczecia='2022-05-20'), (SELECT ID FROM LudzieKina WHERE Imie = 'Sophie' AND Nazwisko = 'Martinez' AND Wiek = 37)),
((SELECT FilmId FROM Filmy WHERE Tytul = 'Movie6' AND Kraj='Germany' AND DataRozpoczecia='2010-06-15'), (SELECT ID FROM LudzieKina WHERE Imie = 'Sophie' AND Nazwisko = 'Martinez' AND Wiek = 37)),
((SELECT FilmId FROM Filmy WHERE Tytul = 'Movie7' AND Kraj='France' AND DataRozpoczecia='2012-07-01'), (SELECT ID FROM LudzieKina WHERE Imie = 'Ken' AND Nazwisko = 'Sato' AND Wiek = 41)),
((SELECT FilmId FROM Filmy WHERE Tytul = 'Movie8' AND Kraj='Japan' AND DataRozpoczecia='2022-08-10'), (SELECT ID FROM LudzieKina WHERE Imie = 'Carlos' AND Nazwisko = 'Rodriguez' AND Wiek = 36)),
((SELECT FilmId FROM Filmy WHERE Tytul = 'Movie8' AND Kraj='Japan' AND DataRozpoczecia='2022-08-10'), (SELECT ID FROM LudzieKina WHERE Imie = 'Yuki' AND Nazwisko = 'Tanaka' AND Wiek = 39)),
((SELECT FilmId FROM Filmy WHERE Tytul = 'Movie9' AND Kraj='Brazil' AND DataRozpoczecia='2022-09-25'), (SELECT ID FROM LudzieKina WHERE Imie = 'Yuki' AND Nazwisko = 'Tanaka' AND Wiek = 39)),
((SELECT FilmId FROM Filmy WHERE Tytul = 'Movie10' AND Kraj='South Korea' AND DataRozpoczecia='2014-10-15'), (SELECT ID FROM LudzieKina WHERE Imie = 'Elena' AND Nazwisko = 'Garcia' AND Wiek = 34)),
((SELECT FilmId FROM Filmy WHERE Tytul = 'Movie11' AND Kraj='Spain' AND DataRozpoczecia='1996-11-05'), (SELECT ID FROM LudzieKina WHERE Imie = 'Aya' AND Nazwisko = 'Nakamura' AND Wiek = 32)),
((SELECT FilmId FROM Filmy WHERE Tytul = 'Movie12' AND Kraj='Mexico' AND DataRozpoczecia='2022-12-20'), (SELECT ID FROM LudzieKina WHERE Imie = 'Sebastian' AND Nazwisko = 'Muller' AND Wiek = 40)),
((SELECT FilmId FROM Filmy WHERE Tytul = 'Movie13' AND Kraj='Ukraine' AND DataRozpoczecia='2023-01-10'), (SELECT ID FROM LudzieKina WHERE Imie = 'Natalia' AND Nazwisko = 'Shevchenko' AND Wiek = 33)),
((SELECT FilmId FROM Filmy WHERE Tytul = 'Movie14' AND Kraj='India' AND DataRozpoczecia='1992-02-15'), (SELECT ID FROM LudzieKina WHERE Imie = 'Lucas' AND Nazwisko = 'Silva' AND Wiek = 34)),
((SELECT FilmId FROM Filmy WHERE Tytul = 'Movie15' AND Kraj='Argentina' AND DataRozpoczecia='2023-03-01'), (SELECT ID FROM LudzieKina WHERE Imie = 'Chen' AND Nazwisko = 'Xiao' AND Wiek = 36)),
((SELECT FilmId FROM Filmy WHERE Tytul = 'Movie18' AND Kraj='Netherlands' AND DataRozpoczecia='2023-06-10'), (SELECT ID FROM LudzieKina WHERE Imie = 'Hana' AND Nazwisko = 'Kim' AND Wiek = 31)),
((SELECT FilmId FROM Filmy WHERE Tytul = 'Movie16' AND Kraj='Sweden' AND DataRozpoczecia='2023-04-15'), (SELECT ID FROM LudzieKina WHERE Imie = 'Mateo' AND Nazwisko = 'Fernandez' AND Wiek = 38)),
((SELECT FilmId FROM Filmy WHERE Tytul = 'Movie17' AND Kraj='China' AND DataRozpoczecia='2023-05-20'), (SELECT ID FROM LudzieKina WHERE Imie = 'Eva' AND Nazwisko = 'Larsson' AND Wiek = 41)),
((SELECT FilmId FROM Filmy WHERE Tytul = 'Movie18' AND Kraj='Netherlands' AND DataRozpoczecia='2023-06-10'), (SELECT ID FROM LudzieKina WHERE Imie = 'Ravi' AND Nazwisko = 'Kumar' AND Wiek = 35)),
((SELECT FilmId FROM Filmy WHERE Tytul = 'Movie19' AND Kraj='South Africa' AND DataRozpoczecia='2023-07-25'), (SELECT ID FROM LudzieKina WHERE Imie = 'Maria' AND Nazwisko = 'Costa' AND Wiek = 37)),
((SELECT FilmId FROM Filmy WHERE Tytul = 'Movie20' AND Kraj='Italy' AND DataRozpoczecia='2023-08-20'), (SELECT ID FROM LudzieKina WHERE Imie = 'Maria' AND Nazwisko = 'Costa' AND Wiek = 37));

INSERT INTO Aktorzy (CzlowiekId, Wzrost)
VALUES 
((SELECT ID FROM LudzieKina WHERE Imie = 'Ricardo' AND Nazwisko = 'Lopez' AND Wiek = 43), 164),
((SELECT ID FROM LudzieKina WHERE Imie = 'Taras' AND Nazwisko = 'Kozachenko' AND Wiek = 40), 187),
((SELECT ID FROM LudzieKina WHERE Imie = 'Amit' AND Nazwisko = 'Patel' AND Wiek = 37), 200),
((SELECT ID FROM LudzieKina WHERE Imie = 'Isabella' AND Nazwisko = 'Fernandez' AND Wiek = 36), 159),
((SELECT ID FROM LudzieKina WHERE Imie = 'Erik' AND Nazwisko = 'Johansson' AND Wiek = 38), 194),
((SELECT ID FROM LudzieKina WHERE Imie = 'Wei' AND Nazwisko = 'Li' AND Wiek = 42), 165),
((SELECT ID FROM LudzieKina WHERE Imie = 'Mia' AND Nazwisko = 'Vanderbilt' AND Wiek = 35), 176),
((SELECT ID FROM LudzieKina WHERE Imie = 'Thabo' AND Nazwisko = 'Mokoena' AND Wiek = 39), 194),
((SELECT ID FROM LudzieKina WHERE Imie = 'Giuseppe' AND Nazwisko = 'Rossi' AND Wiek = 37), 189),
((SELECT ID FROM LudzieKina WHERE Imie = 'Lila' AND Nazwisko = 'Andersson' AND Wiek = 36), 172),
((SELECT ID FROM LudzieKina WHERE Imie = 'Kacper' AND Nazwisko = 'Abramek' AND Wiek = 39), 178),
((SELECT ID FROM LudzieKina WHERE Imie = 'Camila' AND Nazwisko = 'Santos' AND Wiek = 32), 163),
((SELECT ID FROM LudzieKina WHERE Imie = 'Daisuke' AND Nazwisko = 'Yamamoto' AND Wiek = 43), 176),
((SELECT ID FROM LudzieKina WHERE Imie = 'Sofia' AND Nazwisko = 'Moreno' AND Wiek = 36), 170),
((SELECT ID FROM LudzieKina WHERE Imie = 'Anand' AND Nazwisko = 'Raj' AND Wiek = 42), 185),
((SELECT ID FROM LudzieKina WHERE Imie = 'Olga' AND Nazwisko = 'Novak' AND Wiek = 34), 168),
((SELECT ID FROM LudzieKina WHERE Imie = 'Federico' AND Nazwisko = 'Romano' AND Wiek = 39), 181),
((SELECT ID FROM LudzieKina WHERE Imie = 'Lina' AND Nazwisko = 'Olsen' AND Wiek = 37), 174),
((SELECT ID FROM LudzieKina WHERE Imie = 'Mohammed' AND Nazwisko = 'Abdullah' AND Wiek = 40), 182),
((SELECT ID FROM LudzieKina WHERE Imie = 'Yuki' AND Nazwisko = 'Suzuki' AND Wiek = 35), 167);

INSERT INTO Role (Nazwa, FilmId, CzlowiekId)
VALUES 
('Hero', (SELECT FilmId FROM Filmy WHERE Tytul = 'Movie1' AND Kraj='Poland' AND DataRozpoczecia='2001-01-01'), (SELECT ID FROM LudzieKina WHERE Imie = 'Ricardo' AND Nazwisko = 'Lopez' AND Wiek = 43)),
('Protagonist', (SELECT FilmId FROM Filmy WHERE Tytul = 'Movie1' AND Kraj='Poland' AND DataRozpoczecia='2001-01-01'), (SELECT ID FROM LudzieKina WHERE Imie = 'Taras' AND Nazwisko = 'Kozachenko' AND Wiek = 40)),
('Comedian', (SELECT FilmId FROM Filmy WHERE Tytul = 'Movie1' AND Kraj='Poland' AND DataRozpoczecia='2001-01-01'), (SELECT ID FROM LudzieKina WHERE Imie = 'Amit' AND Nazwisko = 'Patel' AND Wiek = 37)),
('Villain', (SELECT FilmId FROM Filmy WHERE Tytul = 'Movie1' AND Kraj='Poland' AND DataRozpoczecia='2001-01-01'), (SELECT ID FROM LudzieKina WHERE Imie = 'Isabella' AND Nazwisko = 'Fernandez' AND Wiek = 36)),
('Detective', (SELECT FilmId FROM Filmy WHERE Tytul = 'Movie1' AND Kraj='Poland' AND DataRozpoczecia='2001-01-01'), (SELECT ID FROM LudzieKina WHERE Imie = 'Erik' AND Nazwisko = 'Johansson' AND Wiek = 38)),
('Sidekick', (SELECT FilmId FROM Filmy WHERE Tytul = 'Movie2' AND Kraj='UK' AND DataRozpoczecia='2022-02-15'), (SELECT ID FROM LudzieKina WHERE Imie = 'Isabella' AND Nazwisko = 'Fernandez' AND Wiek = 36)),
('Mentor', (SELECT FilmId FROM Filmy WHERE Tytul = 'Movie2' AND Kraj='UK' AND DataRozpoczecia='2022-02-15'), (SELECT ID FROM LudzieKina WHERE Imie = 'Thabo' AND Nazwisko = 'Mokoena' AND Wiek = 39)),
('Femme Fatale', (SELECT FilmId FROM Filmy WHERE Tytul = 'Movie2' AND Kraj='UK' AND DataRozpoczecia='2022-02-15'), (SELECT ID FROM LudzieKina WHERE Imie = 'Wei' AND Nazwisko = 'Li' AND Wiek = 42)),
('Hero', (SELECT FilmId FROM Filmy WHERE Tytul = 'Movie2' AND Kraj='UK' AND DataRozpoczecia='2022-02-15'),(SELECT ID FROM LudzieKina WHERE Imie = 'Giuseppe' AND Nazwisko = 'Rossi' AND Wiek = 37)),
('Antagonist', (SELECT FilmId FROM Filmy WHERE Tytul = 'Movie2' AND Kraj='UK' AND DataRozpoczecia='2022-02-15'), (SELECT ID FROM LudzieKina WHERE Imie = 'Lila' AND Nazwisko = 'Andersson' AND Wiek = 36)),
('Hero', (SELECT FilmId FROM Filmy WHERE Tytul = 'Movie3' AND Kraj='Canada' AND DataRozpoczecia='2005-03-10'), (SELECT ID FROM LudzieKina WHERE Imie = 'Ricardo' AND Nazwisko = 'Lopez' AND Wiek = 43)),
('Protagonist', (SELECT FilmId FROM Filmy WHERE Tytul = 'Movie3' AND Kraj='Canada' AND DataRozpoczecia='2005-03-10'), (SELECT ID FROM LudzieKina WHERE Imie = 'Taras' AND Nazwisko = 'Kozachenko' AND Wiek = 40)),
('Comedian',(SELECT FilmId FROM Filmy WHERE Tytul = 'Movie4' AND Kraj='Australia' AND DataRozpoczecia='2004-04-05'), (SELECT ID FROM LudzieKina WHERE Imie = 'Amit' AND Nazwisko = 'Patel' AND Wiek = 37)),
('Villain', (SELECT FilmId FROM Filmy WHERE Tytul = 'Movie4' AND Kraj='Australia' AND DataRozpoczecia='2004-04-05'), (SELECT ID FROM LudzieKina WHERE Imie = 'Isabella' AND Nazwisko = 'Fernandez' AND Wiek = 36)),
('Detective', (SELECT FilmId FROM Filmy WHERE Tytul = 'Movie5' AND Kraj='USA' AND DataRozpoczecia='2022-05-20'), (SELECT ID FROM LudzieKina WHERE Imie = 'Erik' AND Nazwisko = 'Johansson' AND Wiek = 38)),
('Sidekick', (SELECT FilmId FROM Filmy WHERE Tytul = 'Movie6' AND Kraj='Germany' AND DataRozpoczecia='2010-06-15'), (SELECT ID FROM LudzieKina WHERE Imie = 'Isabella' AND Nazwisko = 'Fernandez' AND Wiek = 36)),
('Mentor', (SELECT FilmId FROM Filmy WHERE Tytul = 'Movie7' AND Kraj='France' AND DataRozpoczecia='2012-07-01'), (SELECT ID FROM LudzieKina WHERE Imie = 'Thabo' AND Nazwisko = 'Mokoena' AND Wiek = 39)),
('Femme Fatale', (SELECT FilmId FROM Filmy WHERE Tytul = 'Movie8' AND Kraj='Japan' AND DataRozpoczecia='2022-08-10'), (SELECT ID FROM LudzieKina WHERE Imie = 'Wei' AND Nazwisko = 'Li' AND Wiek = 42)),
('Sidekick', (SELECT FilmId FROM Filmy WHERE Tytul = 'Movie9' AND Kraj='Brazil' AND DataRozpoczecia='2022-09-25'),(SELECT ID FROM LudzieKina WHERE Imie = 'Giuseppe' AND Nazwisko = 'Rossi' AND Wiek = 37)),
('Antagonist', (SELECT FilmId FROM Filmy WHERE Tytul = 'Movie10' AND Kraj='South Korea' AND DataRozpoczecia='2014-10-15'), (SELECT ID FROM LudzieKina WHERE Imie = 'Lila' AND Nazwisko = 'Andersson' AND Wiek = 36)),
('Hero', (SELECT FilmId FROM Filmy WHERE Tytul = 'Movie11' AND Kraj='Spain' AND DataRozpoczecia='1996-11-05'), (SELECT ID FROM LudzieKina WHERE Imie = 'Kacper' AND Nazwisko = 'Abramek' AND Wiek = 39)),
('Father' ,(SELECT FilmId FROM Filmy WHERE Tytul = 'Movie12' AND Kraj='Mexico' AND DataRozpoczecia='2022-12-20'), (SELECT ID FROM LudzieKina WHERE Imie = 'Camila' AND Nazwisko = 'Santos' AND Wiek = 32)),
('Main character', (SELECT FilmId FROM Filmy WHERE Tytul = 'Movie13' AND Kraj='Ukraine' AND DataRozpoczecia='2023-01-10'), (SELECT ID FROM LudzieKina WHERE Imie = 'Daisuke' AND Nazwisko = 'Yamamoto' AND Wiek = 43)),
('Polisman', (SELECT FilmId FROM Filmy WHERE Tytul = 'Movie15' AND Kraj='Argentina' AND DataRozpoczecia='2023-03-01'), (SELECT ID FROM LudzieKina WHERE Imie = 'Sofia' AND Nazwisko = 'Moreno' AND Wiek = 36)),
('Doctor', (SELECT FilmId FROM Filmy WHERE Tytul = 'Movie18' AND Kraj='Netherlands' AND DataRozpoczecia='2023-06-10'), (SELECT ID FROM LudzieKina WHERE Imie = 'Anand' AND Nazwisko = 'Raj' AND Wiek = 42)),
('Teacher', (SELECT FilmId FROM Filmy WHERE Tytul = 'Movie16' AND Kraj='Sweden' AND DataRozpoczecia='2023-04-15'), (SELECT ID FROM LudzieKina WHERE Imie = 'Olga' AND Nazwisko = 'Novak' AND Wiek = 34)),
('Professor', (SELECT FilmId FROM Filmy WHERE Tytul = 'Movie17' AND Kraj='China' AND DataRozpoczecia='2023-05-20'), (SELECT ID FROM LudzieKina WHERE Imie = 'Federico' AND Nazwisko = 'Romano' AND Wiek = 39)),
('Servant', (SELECT FilmId FROM Filmy WHERE Tytul = 'Movie14' AND Kraj='India' AND DataRozpoczecia='1992-02-15'), (SELECT ID FROM LudzieKina WHERE Imie = 'Lina' AND Nazwisko = 'Olsen' AND Wiek = 37)),
('Slave', (SELECT FilmId FROM Filmy WHERE Tytul = 'Movie19' AND Kraj='South Africa' AND DataRozpoczecia='2023-07-25'), (SELECT ID FROM LudzieKina WHERE Imie = 'Mohammed' AND Nazwisko = 'Abdullah' AND Wiek = 40)),
('Queen', (SELECT FilmId FROM Filmy WHERE Tytul = 'Movie20' AND Kraj='Italy' AND DataRozpoczecia='2023-08-20'), (SELECT ID FROM LudzieKina WHERE Imie = 'Yuki' AND Nazwisko = 'Suzuki' AND Wiek = 35));

INSERT INTO Recenzenci (Imie, Nazwisko)
VALUES 
('Adam', 'Smith'),
('Jon', 'Johnson'),
('Jane', 'Doe'),
('Alice', 'Miller'),
('David', 'Thompson'),
('Elena', 'Brown'),
('Christopher', 'Garcia'),
('Olivia', 'Davis'),
('Gabriel', 'Lopez'),
('Sophia', 'Smith'),
('Daniel', 'Jones'),
('Isabella', 'Johnson'),
('Ryan', 'Anderson'),
('Emma', 'Williams'),
('Miguel', 'Martinez'),
('Grace', 'Gonzalez'),
('Liam', 'Taylor'),
('Ava', 'Hernandez'),
('Lucas', 'Rodriguez'),
('Natalie', 'Cooper');

INSERT INTO OcenyFilmu (Ocena, Recenzja, FilmId, RecenzentId)
VALUES 
(90, 'Excellent movie!', (SELECT FilmId FROM Filmy WHERE Tytul = 'Movie1' AND Kraj='Poland' AND DataRozpoczecia='2001-01-01'), (SELECT ID FROM Recenzenci WHERE Imie = 'Adam' AND Nazwisko = 'Smith')),
(70, 'Could be better', (SELECT FilmId FROM Filmy WHERE Tytul = 'Movie5' AND Kraj='USA' AND DataRozpoczecia='2022-05-20'), (SELECT ID FROM Recenzenci WHERE Imie = 'Adam' AND Nazwisko = 'Smith')),
(85, 'Very good!', (SELECT FilmId FROM Filmy WHERE Tytul = 'Movie1' AND Kraj='Poland' AND DataRozpoczecia='2001-01-01'), (SELECT ID FROM Recenzenci WHERE Imie = 'Jon'  AND Nazwisko = 'Johnson')),
(80, 'Funny and entertaining', (SELECT FilmId FROM Filmy WHERE Tytul = 'Movie1' AND Kraj='Poland' AND DataRozpoczecia='2001-01-01'), (SELECT ID FROM Recenzenci WHERE Imie = 'Jane' AND Nazwisko = 'Doe')),
(60, 'Bad movie!', (SELECT FilmId FROM Filmy WHERE Tytul = 'Movie2' AND Kraj='UK' AND DataRozpoczecia='2022-02-15'), (SELECT ID FROM Recenzenci WHERE Imie = 'Alice' AND Nazwisko = 'Miller')),
(100, 'Interesting Film', (SELECT FilmId FROM Filmy WHERE Tytul = 'Movie2' AND Kraj='UK' AND DataRozpoczecia='2022-02-15'), (SELECT ID FROM Recenzenci WHERE Imie = 'David'  AND Nazwisko = 'Thompson')),
(80, 'Funny', (SELECT FilmId FROM Filmy WHERE Tytul = 'Movie4' AND Kraj='Australia' AND DataRozpoczecia='2004-04-05'), (SELECT ID FROM Recenzenci WHERE Imie = 'Jane' AND Nazwisko = 'Doe')),
(100, 'Best movie ever', (SELECT FilmId FROM Filmy WHERE Tytul = 'Movie4' AND Kraj='Australia' AND DataRozpoczecia='2004-04-05'), (SELECT ID FROM Recenzenci WHERE Imie = 'Elena' AND Nazwisko = 'Brown')),
(100, 'Cool movie', (SELECT FilmId FROM Filmy WHERE Tytul = 'Movie20' AND Kraj='Italy' AND DataRozpoczecia='2023-08-20'), (SELECT ID FROM Recenzenci WHERE Imie = 'Christopher' AND Nazwisko = 'Garcia')),
(95, 'Very good', (SELECT FilmId FROM Filmy WHERE Tytul = 'Movie19' AND Kraj='South Africa' AND DataRozpoczecia='2023-07-25'), (SELECT ID FROM Recenzenci WHERE Imie = 'Olivia' AND Nazwisko = 'Davis')),
(100, 'Best movie ever', (SELECT FilmId FROM Filmy WHERE Tytul = 'Movie17' AND Kraj='China' AND DataRozpoczecia='2023-05-20'), (SELECT ID FROM Recenzenci WHERE Imie = 'Gabriel' AND Nazwisko = 'Lopez')),
(95, 'I wanna watch this film again', (SELECT FilmId FROM Filmy WHERE Tytul = 'Movie4' AND Kraj='Australia' AND DataRozpoczecia='2004-04-05'), (SELECT ID FROM Recenzenci WHERE Imie = 'Sophia' AND Nazwisko = 'Smith')),
(100, 'Best movie ever', (SELECT FilmId FROM Filmy WHERE Tytul = 'Movie2' AND Kraj='UK' AND DataRozpoczecia='2022-02-15'), (SELECT ID FROM Recenzenci WHERE Imie = 'Daniel' AND Nazwisko = 'Jones')),
(10, 'Awful', (SELECT FilmId FROM Filmy WHERE Tytul = 'Movie4' AND Kraj='Australia' AND DataRozpoczecia='2004-04-05'), (SELECT ID FROM Recenzenci WHERE Imie = 'Isabella' AND Nazwisko = 'Johnson')),
(92, 'Very beautiful actors', (SELECT FilmId FROM Filmy WHERE Tytul = 'Movie17' AND Kraj='China' AND DataRozpoczecia='2023-05-20'), (SELECT ID FROM Recenzenci WHERE Imie = 'Ryan' AND Nazwisko = 'Anderson')),
(100, 'Cool', (SELECT FilmId FROM Filmy WHERE Tytul = 'Movie4' AND Kraj='Australia' AND DataRozpoczecia='2004-04-05'), (SELECT ID FROM Recenzenci WHERE Imie = 'Emma' AND Nazwisko = 'Williams')),
(0, 'No comments', (SELECT FilmId FROM Filmy WHERE Tytul = 'Movie17' AND Kraj='China' AND DataRozpoczecia='2023-05-20'), (SELECT ID FROM Recenzenci WHERE Imie = 'Miguel' AND Nazwisko = 'Martinez')),
(34, 'Could be better', (SELECT FilmId FROM Filmy WHERE Tytul = 'Movie4' AND Kraj='Australia' AND DataRozpoczecia='2004-04-05'), (SELECT ID FROM Recenzenci WHERE Imie = 'Grace' AND Nazwisko = 'Gonzalez')),
(20, 'Try again', (SELECT FilmId FROM Filmy WHERE Tytul = 'Movie4' AND Kraj='Australia' AND DataRozpoczecia='2004-04-05'), (SELECT ID FROM Recenzenci WHERE Imie = 'Liam' AND Nazwisko = 'Taylor')),
(87, 'Pretty good', (SELECT FilmId FROM Filmy WHERE Tytul = 'Movie17' AND Kraj='China' AND DataRozpoczecia='2023-05-20'), (SELECT ID FROM Recenzenci WHERE Imie = 'Ava' AND Nazwisko = 'Hernandez')),
(75, 'Not bad', (SELECT FilmId FROM Filmy WHERE Tytul = 'Movie2' AND Kraj='UK' AND DataRozpoczecia='2022-02-15'), (SELECT ID FROM Recenzenci WHERE Imie = 'Lucas' AND Nazwisko = 'Rodriguez')),
(100, 'Best movie ever', (SELECT FilmId FROM Filmy WHERE Tytul = 'Movie4' AND Kraj='Australia' AND DataRozpoczecia='2004-04-05'), (SELECT ID FROM Recenzenci WHERE Imie = 'Natalie' AND Nazwisko = 'Cooper'));


INSERT INTO Posiadanie_Przez_Film (IdNagrody, FilmId)
VALUES 
((SELECT ID FROM Nagrody WHERE NazwaNagrody = 'Best Movie Award' AND Rok=2002 AND Kategoria='Best picture'), (SELECT FilmId FROM Filmy WHERE Tytul = 'Movie4' AND Kraj='Australia' AND DataRozpoczecia='2004-04-05')),
((SELECT ID FROM Nagrody WHERE NazwaNagrody = 'Best Actor Award' AND Rok=2022 AND Kategoria='Cinematography'), (SELECT FilmId FROM Filmy WHERE Tytul = 'Movie4' AND Kraj='Australia' AND DataRozpoczecia='2004-04-05')),
((SELECT ID FROM Nagrody WHERE NazwaNagrody = 'Best Screenplay Award' AND Rok=2022 AND Kategoria='Screenplay'), (SELECT FilmId FROM Filmy WHERE Tytul = 'Movie4' AND Kraj='Australia' AND DataRozpoczecia='2004-04-05')),
((SELECT ID FROM Nagrody WHERE NazwaNagrody = 'Best Visual Effects Award' AND Rok=2011 AND Kategoria='Visual Effects'), (SELECT FilmId FROM Filmy WHERE Tytul = 'Movie2' AND Kraj='UK' AND DataRozpoczecia='2022-02-15')),
((SELECT ID FROM Nagrody WHERE NazwaNagrody = 'Best Soundtrack Award' AND Rok=2015 AND Kategoria='Original Soundtrack'), (SELECT FilmId FROM Filmy WHERE Tytul = 'Movie2' AND Kraj='UK' AND DataRozpoczecia='2022-02-15')),
((SELECT ID FROM Nagrody WHERE NazwaNagrody = 'Best Makeup and Hairstyling Award' AND Rok=2023 AND Kategoria='Makeup and Hairstyling'), (SELECT FilmId FROM Filmy WHERE Tytul = 'Movie2' AND Kraj='UK' AND DataRozpoczecia='2022-02-15')),
((SELECT ID FROM Nagrody WHERE NazwaNagrody = 'Best Director Award' AND Rok=2007 AND Kategoria='Original song'), (SELECT FilmId FROM Filmy WHERE Tytul = 'Movie6' AND Kraj='Germany' AND DataRozpoczecia='2010-06-15')),
((SELECT ID FROM Nagrody WHERE NazwaNagrody = 'Best Actress Award' AND Rok=2004 AND Kategoria='Lead Actress'), (SELECT FilmId FROM Filmy WHERE Tytul = 'Movie9' AND Kraj='Brazil' AND DataRozpoczecia='2022-09-25')),
((SELECT ID FROM Nagrody WHERE NazwaNagrody = 'Best Supporting Actor Award' AND Rok=2014 AND Kategoria='Supporting Actor'), (SELECT FilmId FROM Filmy WHERE Tytul = 'Movie10' AND Kraj='South Korea' AND DataRozpoczecia='2014-10-15')),
((SELECT ID FROM Nagrody WHERE NazwaNagrody = 'Best Costume Design Award' AND Rok=2022 AND Kategoria='Costume Design'), (SELECT FilmId FROM Filmy WHERE Tytul = 'Movie11' AND Kraj='Spain' AND DataRozpoczecia='1996-11-05')),
((SELECT ID FROM Nagrody WHERE NazwaNagrody = 'Best Editing Award' AND Rok=2023 AND Kategoria='Editing'), (SELECT FilmId FROM Filmy WHERE Tytul = 'Movie13' AND Kraj='Ukraine' AND DataRozpoczecia='2023-01-10')),
((SELECT ID FROM Nagrody WHERE NazwaNagrody = 'Best Sound Editing Award' AND Rok=2024 AND Kategoria='Sound Editing'), (SELECT FilmId FROM Filmy WHERE Tytul = 'Movie16' AND Kraj='Sweden' AND DataRozpoczecia='2023-04-15')),
((SELECT ID FROM Nagrody WHERE NazwaNagrody = 'Best Original Song Award' AND Rok=2024 AND Kategoria='Original Song'), (SELECT FilmId FROM Filmy WHERE Tytul = 'Movie18' AND Kraj='Netherlands' AND DataRozpoczecia='2023-06-10')),
((SELECT ID FROM Nagrody WHERE NazwaNagrody = 'Best Documentary Feature Award' AND Rok=2024 AND Kategoria='Documentary Feature'), (SELECT FilmId FROM Filmy WHERE Tytul = 'Movie20' AND Kraj='Italy' AND DataRozpoczecia='2023-08-20')),
((SELECT ID FROM Nagrody WHERE NazwaNagrody = 'Best Cinematography Award' AND Rok=2024 AND Kategoria='Cinematography'), (SELECT FilmId FROM Filmy WHERE Tytul = 'Movie5' AND Kraj='USA' AND DataRozpoczecia='2022-05-20')),
((SELECT ID FROM Nagrody WHERE NazwaNagrody = 'Best Supporting Actress Award' AND Rok=1998 AND Kategoria='Supporting Actress'), (SELECT FilmId FROM Filmy WHERE Tytul = 'Movie3' AND Kraj='Canada' AND DataRozpoczecia='2005-03-10')),
((SELECT ID FROM Nagrody WHERE NazwaNagrody = 'Best Production Design Award' AND Rok=2023 AND Kategoria='Production Design'), (SELECT FilmId FROM Filmy WHERE Tytul = 'Movie7' AND Kraj='France' AND DataRozpoczecia='2012-07-01')),
((SELECT ID FROM Nagrody WHERE NazwaNagrody = 'Best Foreign LanguWiek Film Award' AND Rok=1993 AND Kategoria='Foreign LanguWiek Film'), (SELECT FilmId FROM Filmy WHERE Tytul = 'Movie8' AND Kraj='Japan' AND DataRozpoczecia='2022-08-10')),
((SELECT ID FROM Nagrody WHERE NazwaNagrody = 'Best Original Score Award' AND Rok=2023 AND Kategoria='Original Score'), (SELECT FilmId FROM Filmy WHERE Tytul = 'Movie12' AND Kraj='Mexico' AND DataRozpoczecia='2022-12-20')),
((SELECT ID FROM Nagrody WHERE NazwaNagrody = 'Best Animated Feature Award' AND Rok=2023 AND Kategoria='Animated Feature'), (SELECT FilmId FROM Filmy WHERE Tytul = 'Movie14' AND Kraj='India' AND DataRozpoczecia='1992-02-15')),
((SELECT ID FROM Nagrody WHERE NazwaNagrody = 'Best Sound Editing Award' AND Rok=2024 AND Kategoria='Sound Editing'), (SELECT FilmId FROM Filmy WHERE Tytul = 'Movie15' AND Kraj='Argentina' AND DataRozpoczecia='2023-03-01')),
((SELECT ID FROM Nagrody WHERE NazwaNagrody = 'Best Original Song Award' AND Rok=2024 AND Kategoria='Original Song'), (SELECT FilmId FROM Filmy WHERE Tytul = 'Movie19' AND Kraj='South Africa' AND DataRozpoczecia='2023-07-25')),
((SELECT ID FROM Nagrody WHERE NazwaNagrody = 'Best Documentary Feature Award' AND Rok=2024 AND Kategoria='Documentary Feature'), (SELECT FilmId FROM Filmy WHERE Tytul = 'Movie10' AND Kraj='South Korea' AND DataRozpoczecia='2014-10-15')),
((SELECT ID FROM Nagrody WHERE NazwaNagrody = 'Best Cinematography Award' AND Rok=2024 AND Kategoria='Cinematography'), (SELECT FilmId FROM Filmy WHERE Tytul = 'Movie20' AND Kraj='Italy' AND DataRozpoczecia='2023-08-20'));

INSERT INTO Posiadanie_Przez_Re¿ysera (IdNagrody, CzlowiekId)
VALUES 
((SELECT ID FROM Nagrody WHERE NazwaNagrody = 'Best Directorial Debut Award' AND Rok=2020 AND Kategoria='Directorial Debut'), (SELECT ID FROM LudzieKina WHERE Imie = 'John' AND Nazwisko = 'Doe' AND Wiek=40)),
((SELECT ID FROM Nagrody WHERE NazwaNagrody = 'Best Costume Makeup Award' AND Rok=2019 AND Kategoria='Costume Makeup'), (SELECT ID FROM LudzieKina WHERE Imie = 'John' AND Nazwisko = 'Doe' AND Wiek=40)),
((SELECT ID FROM Nagrody WHERE NazwaNagrody = 'Outstanding Achievement in Visual Arts' AND Rok=2018 AND Kategoria='Visual Arts'), (SELECT ID FROM LudzieKina WHERE Imie = 'John' AND Nazwisko = 'Doe' AND Wiek=40)),
((SELECT ID FROM Nagrody WHERE NazwaNagrody = 'Best Original Screenplay Award' AND Rok=2017 AND Kategoria='Original Screenplay'), (SELECT ID FROM LudzieKina WHERE Imie = 'Alice' AND Nazwisko = 'Williams' AND Wiek = 38)),
((SELECT ID FROM Nagrody WHERE NazwaNagrody = 'Best Young Actor and Actress Award' AND Rok=2016 AND Kategoria='Young Actor and Actress'), (SELECT ID FROM LudzieKina WHERE Imie = 'Alice' AND Nazwisko = 'Williams' AND Wiek = 38)),
((SELECT ID FROM Nagrody WHERE NazwaNagrody = 'Lifetime Achievement Award' AND Rok=2014 AND Kategoria='Lifetime Achievement'), (SELECT ID FROM LudzieKina WHERE Imie = 'Sophie' AND Nazwisko = 'Martinez' AND Wiek = 37)),
((SELECT ID FROM Nagrody WHERE NazwaNagrody = 'Best Foreign Short Film Award' AND Rok=2013 AND Kategoria='Foreign Short Film'), (SELECT ID FROM LudzieKina WHERE Imie = 'Ken' AND Nazwisko = 'Sato' AND Wiek = 41)),
((SELECT ID FROM Nagrody WHERE NazwaNagrody = 'Best Original Concept Award' AND Rok=2012 AND Kategoria='Original Concept'), (SELECT ID FROM LudzieKina WHERE Imie = 'Ken' AND Nazwisko = 'Sato' AND Wiek = 41)),
((SELECT ID FROM Nagrody WHERE NazwaNagrody = 'Best Adapted Screenplay Award' AND Rok=2011 AND Kategoria='Adapted Screenplay'), (SELECT ID FROM LudzieKina WHERE Imie = 'Yuki' AND Nazwisko = 'Tanaka' AND Wiek = 39)),
((SELECT ID FROM Nagrody WHERE NazwaNagrody = 'Best Art Direction Award' AND Rok=2010 AND Kategoria='Art Direction'), (SELECT ID FROM LudzieKina WHERE Imie = 'Elena' AND Nazwisko = 'Garcia' AND Wiek = 34)),
((SELECT ID FROM Nagrody WHERE NazwaNagrody = 'Best Emerging Filmmaker Award' AND Rok=2009 AND Kategoria='Emerging Filmmaker'), (SELECT ID FROM LudzieKina WHERE Imie = 'Aya' AND Nazwisko = 'Nakamura' AND Wiek = 32)),
((SELECT ID FROM Nagrody WHERE NazwaNagrody = 'Best Ensemble Cast Award' AND Rok=2008 AND Kategoria='Ensemble Cast'), (SELECT ID FROM LudzieKina WHERE Imie = 'Sebastian' AND Nazwisko = 'Muller' AND Wiek = 40)),
((SELECT ID FROM Nagrody WHERE NazwaNagrody = 'Best Historical Drama Award' AND Rok=2006 AND Kategoria='Historical Drama'), (SELECT ID FROM LudzieKina WHERE Imie = 'Natalia' AND Nazwisko = 'Shevchenko' AND Wiek = 33)),
((SELECT ID FROM Nagrody WHERE NazwaNagrody = 'Best Science Fiction Film Award' AND Rok=2005 AND Kategoria='Science Fiction Film'), (SELECT ID FROM LudzieKina WHERE Imie = 'Lucas' AND Nazwisko = 'Silva' AND Wiek = 34)),
((SELECT ID FROM Nagrody WHERE NazwaNagrody = 'Best Fantasy Film Award' AND Rok=2003 AND Kategoria='Fantasy Film'), (SELECT ID FROM LudzieKina WHERE Imie = 'Chen' AND Nazwisko = 'Xiao' AND Wiek = 36)),
((SELECT ID FROM Nagrody WHERE NazwaNagrody = 'Best Thriller Award' AND Rok=2001 AND Kategoria='Thriller'), (SELECT ID FROM LudzieKina WHERE Imie = 'Hana' AND Nazwisko = 'Kim' AND Wiek = 31)),
((SELECT ID FROM Nagrody WHERE NazwaNagrody = 'Best Choreography Award' AND Rok=1999 AND Kategoria='Choreography'), (SELECT ID FROM LudzieKina WHERE Imie = 'Hana' AND Nazwisko = 'Kim' AND Wiek = 31)),
((SELECT ID FROM Nagrody WHERE NazwaNagrody = 'Best Choreography Award' AND Rok=1999 AND Kategoria='Choreography'), (SELECT ID FROM LudzieKina WHERE Imie = 'Mateo' AND Nazwisko = 'Fernandez' AND Wiek = 38)),
((SELECT ID FROM Nagrody WHERE NazwaNagrody = 'Best International Director Award' AND Rok=1996 AND Kategoria='International Director'), (SELECT ID FROM LudzieKina WHERE Imie = 'Eva' AND Nazwisko = 'Larsson' AND Wiek = 41)),
((SELECT ID FROM Nagrody WHERE NazwaNagrody = 'Best Breakthrough Performance Award' AND Rok=1994 AND Kategoria='Breakthrough Performance'), (SELECT ID FROM LudzieKina WHERE Imie = 'Ravi' AND Nazwisko = 'Kumar' AND Wiek = 35));

INSERT INTO Posiadanie_Przez_Aktora (IdNagrody, CzlowiekId)
VALUES
((SELECT ID FROM Nagrody WHERE NazwaNagrody = 'Best Biographical Film Award' AND Rok=2008 AND Kategoria='Biographical Film'), (SELECT ID FROM LudzieKina WHERE Imie = 'Ricardo' AND Nazwisko = 'Lopez' AND Wiek = 43)),
((SELECT ID FROM Nagrody WHERE NazwaNagrody = 'Best Original Screenplay Award' AND Rok=2003 AND Kategoria='Original Screenplay'), (SELECT ID FROM LudzieKina WHERE Imie = 'Taras' AND Nazwisko = 'Kozachenko' AND Wiek = 40)),
((SELECT ID FROM Nagrody WHERE NazwaNagrody = 'Best Adapted Screenplay Award' AND Rok=2003 AND Kategoria='Adapted Screenplay'), (SELECT ID FROM LudzieKina WHERE Imie = 'Taras' AND Nazwisko = 'Kozachenko' AND Wiek = 40)),
((SELECT ID FROM Nagrody WHERE NazwaNagrody = 'Best Use of Sound Award' AND Rok=2017 AND Kategoria='Use of Sound'), (SELECT ID FROM LudzieKina WHERE Imie = 'Taras' AND Nazwisko = 'Kozachenko' AND Wiek = 40)),
((SELECT ID FROM Nagrody WHERE NazwaNagrody = 'Best Opening Sequence Award' AND Rok=2019 AND Kategoria='Opening Sequence'), (SELECT ID FROM LudzieKina WHERE Imie = 'Erik' AND Nazwisko = 'Johansson' AND Wiek = 38)),
((SELECT ID FROM Nagrody WHERE NazwaNagrody = 'Best Closing Sequence Award' AND Rok=2019 AND Kategoria='Closing Sequence'), (SELECT ID FROM LudzieKina WHERE Imie = 'Wei' AND Nazwisko = 'Li' AND Wiek = 42)),
((SELECT ID FROM Nagrody WHERE NazwaNagrody = 'Best Poster Design Award' AND Rok=2015 AND Kategoria='Poster Design'), (SELECT ID FROM LudzieKina WHERE Imie = 'Mia' AND Nazwisko = 'Vanderbilt' AND Wiek = 35)),
((SELECT ID FROM Nagrody WHERE NazwaNagrody = 'Best Marketing Campaign Award' AND Rok=2016 AND Kategoria='Marketing Campaign'), (SELECT ID FROM LudzieKina WHERE Imie = 'Thabo' AND Nazwisko = 'Mokoena' AND Wiek = 39)),
((SELECT ID FROM Nagrody WHERE NazwaNagrody = 'Best Cinematic Experience Award' AND Rok=2018 AND Kategoria='Cinematic Experience'), (SELECT ID FROM LudzieKina WHERE Imie = 'Giuseppe' AND Nazwisko = 'Rossi' AND Wiek = 37)),
((SELECT ID FROM Nagrody WHERE NazwaNagrody = 'Best Mini-Series Award' AND Rok=2021 AND Kategoria='Mini-Series'), (SELECT ID FROM LudzieKina WHERE Imie = 'Lila' AND Nazwisko = 'Andersson' AND Wiek = 36)),
((SELECT ID FROM Nagrody WHERE NazwaNagrody = 'Best Original Concept Award' AND Rok=2012 AND Kategoria='Original Concept'), (SELECT ID FROM LudzieKina WHERE Imie = 'Kacper' AND Nazwisko = 'Abramek' AND Wiek = 39)),
((SELECT ID FROM Nagrody WHERE NazwaNagrody = 'Best Fantasy Costume Design Award' AND Rok=2014 AND Kategoria='Fantasy Costume Design'), (SELECT ID FROM LudzieKina WHERE Imie = 'Camila' AND Nazwisko = 'Santos' AND Wiek = 32)),
((SELECT ID FROM Nagrody WHERE NazwaNagrody = 'Best Urban Fantasy Film Award' AND Rok=2015 AND Kategoria='Urban Fantasy Film'), (SELECT ID FROM LudzieKina WHERE Imie = 'Daisuke' AND Nazwisko = 'Yamamoto' AND Wiek = 43)),
((SELECT ID FROM Nagrody WHERE NazwaNagrody = 'Best Science Fiction Costume Design Award' AND Rok=2017 AND Kategoria='Science Fiction Costume Design'), (SELECT ID FROM LudzieKina WHERE Imie = 'Sofia' AND Nazwisko = 'Moreno' AND Wiek = 36)),
((SELECT ID FROM Nagrody WHERE NazwaNagrody = 'Best Original Sound Design Award' AND Rok=2016 AND Kategoria='Original Sound Design'), (SELECT ID FROM LudzieKina WHERE Imie = 'Anand' AND Nazwisko = 'Raj' AND Wiek = 42)),
((SELECT ID FROM Nagrody WHERE NazwaNagrody = 'Best Sound Mixing Award' AND Rok=2015 AND Kategoria='Sound Mixing'), (SELECT ID FROM LudzieKina WHERE Imie = 'Olga' AND Nazwisko = 'Novak' AND Wiek = 34)),
((SELECT ID FROM Nagrody WHERE NazwaNagrody = 'Best Make-Up and Prosthetics Award' AND Rok=2014 AND Kategoria='Make-Up and Prosthetics'), (SELECT ID FROM LudzieKina WHERE Imie = 'Federico' AND Nazwisko = 'Romano' AND Wiek = 39)),
((SELECT ID FROM Nagrody WHERE NazwaNagrody = 'Best Historical Costume Design Award' AND Rok=2012 AND Kategoria='Historical Costume Design'), (SELECT ID FROM LudzieKina WHERE Imie = 'Lina' AND Nazwisko = 'Olsen' AND Wiek = 37)),
((SELECT ID FROM Nagrody WHERE NazwaNagrody = 'Best Experimental Film Award' AND Rok=2013 AND Kategoria='Experimental Film'), (SELECT ID FROM LudzieKina WHERE Imie = 'Mohammed' AND Nazwisko = 'Abdullah' AND Wiek = 40)),
((SELECT ID FROM Nagrody WHERE NazwaNagrody = 'Best Short Film Award' AND Rok=2020 AND Kategoria='Short Film'), (SELECT ID FROM LudzieKina WHERE Imie = 'Yuki' AND Nazwisko = 'Suzuki' AND Wiek = 35));


INSERT INTO MuzykiFilmowe (Nazwa, Autor, Rok, Gatunek)
VALUES 
('Theme1', 'Composer1', 2020, 'Orchestral'),
('Song2', 'Artist2', 2018, 'Pop'),
('Melody3', 'Writer3', 2015, 'Jazz'),
('Harmony4', 'Musician4', 2019, 'Classical'),
('Rhythm5', 'Singer5', 2022, 'Rock'),
('Beat6', 'Composer6', 2017, 'Electronic'),
('Lyric7', 'Songwriter7', 2016, 'Folk'),
('Duet8', 'Artists8', 2021, 'Pop'),
('Chord9', 'MusicMaker9', 2014, 'Alternative'),
('Instrumental10', 'Composer10', 2023, 'Instrumental'),
('Verse11', 'Singer11', 2013, 'Blues'),
('Tune12', 'MelodyMaker12', 2018, 'Indie'),
('Seranade13', 'Composer13', 2017, 'Classical'),
('Groove14', 'Performer14', 2022, 'Funk'),
('Ballad15', 'Songwriter15', 2015, 'Pop'),
('Strum16', 'Guitarist16', 2016, 'Acoustic'),
('Cadence17', 'Composer17', 2020, 'Electronic'),
('Overture18', 'Orchestra18', 2019, 'Orchestral'),
('Sonata19', 'Pianist19', 2014, 'Classical'),
('Jingle20', 'Composer20', 2021, 'Holiday');

INSERT INTO MuzykaWFilmie (CzasRozpoczecia, CzasZakonczenia, FilmId, NazwaMuzyki, Autor)
VALUES 
('00:05:00', '00:10:00', (SELECT FilmId FROM Filmy WHERE Tytul = 'Movie1' AND Kraj='Poland' AND DataRozpoczecia='2001-01-01'), 'Theme1', 'Composer1'),
('00:15:00', '00:20:00', (SELECT FilmId FROM Filmy WHERE Tytul = 'Movie5' AND Kraj='USA' AND DataRozpoczecia='2022-05-20'), 'Song2', 'Artist2'),
('00:25:00', '00:30:00', (SELECT FilmId FROM Filmy WHERE Tytul = 'Movie17' AND Kraj='China' AND DataRozpoczecia='2023-05-20'), 'Melody3', 'Writer3'),
('00:35:00', '00:40:00', (SELECT FilmId FROM Filmy WHERE Tytul = 'Movie17' AND Kraj='China' AND DataRozpoczecia='2023-05-20'), 'Harmony4', 'Musician4'),
('00:45:00', '00:50:00', (SELECT FilmId FROM Filmy WHERE Tytul = 'Movie4' AND Kraj='Australia' AND DataRozpoczecia='2004-04-05'), 'Rhythm5', 'Singer5'),
('00:55:00', '01:00:00', (SELECT FilmId FROM Filmy WHERE Tytul = 'Movie4' AND Kraj='Australia' AND DataRozpoczecia='2004-04-05'), 'Beat6', 'Composer6'),
('01:05:00', '01:10:00', (SELECT FilmId FROM Filmy WHERE Tytul = 'Movie4' AND Kraj='Australia' AND DataRozpoczecia='2004-04-05'), 'Lyric7', 'Songwriter7'),
('01:15:00', '01:20:00', (SELECT FilmId FROM Filmy WHERE Tytul = 'Movie4' AND Kraj='Australia' AND DataRozpoczecia='2004-04-05'), 'Duet8', 'Artists8'),
('01:25:00', '01:30:00', (SELECT FilmId FROM Filmy WHERE Tytul = 'Movie20' AND Kraj='Italy' AND DataRozpoczecia='2023-08-20'), 'Chord9', 'MusicMaker9'),
('01:35:00', '01:40:00', (SELECT FilmId FROM Filmy WHERE Tytul = 'Movie20' AND Kraj='Italy' AND DataRozpoczecia='2023-08-20'), 'Instrumental10', 'Composer10'),
('01:45:00', '01:50:00', (SELECT FilmId FROM Filmy WHERE Tytul = 'Movie20' AND Kraj='Italy' AND DataRozpoczecia='2023-08-20'), 'Verse11', 'Singer11'),
('01:55:00', '02:00:00', (SELECT FilmId FROM Filmy WHERE Tytul = 'Movie20' AND Kraj='Italy' AND DataRozpoczecia='2023-08-20'), 'Tune12', 'MelodyMaker12'),
('02:05:00', '02:10:00', (SELECT FilmId FROM Filmy WHERE Tytul = 'Movie19' AND Kraj='South Africa' AND DataRozpoczecia='2023-07-25'), 'Seranade13', 'Composer13'),
('02:15:00', '02:20:00', (SELECT FilmId FROM Filmy WHERE Tytul = 'Movie19' AND Kraj='South Africa' AND DataRozpoczecia='2023-07-25'), 'Groove14', 'Performer14'),
('02:25:00', '02:30:00', (SELECT FilmId FROM Filmy WHERE Tytul = 'Movie19' AND Kraj='South Africa' AND DataRozpoczecia='2023-07-25'), 'Ballad15', 'Songwriter15'),
('02:35:00', '02:40:00', (SELECT FilmId FROM Filmy WHERE Tytul = 'Movie19' AND Kraj='South Africa' AND DataRozpoczecia='2023-07-25'), 'Strum16', 'Guitarist16'),
('02:45:00', '02:50:00', (SELECT FilmId FROM Filmy WHERE Tytul = 'Movie9' AND Kraj='Brazil' AND DataRozpoczecia='2022-09-25'), 'Cadence17', 'Composer17'),
('02:55:00', '03:00:00', (SELECT FilmId FROM Filmy WHERE Tytul = 'Movie9' AND Kraj='Brazil' AND DataRozpoczecia='2022-09-25'), 'Overture18', 'Orchestra18'),
('03:05:00', '03:10:00', (SELECT FilmId FROM Filmy WHERE Tytul = 'Movie9' AND Kraj='Brazil' AND DataRozpoczecia='2022-09-25'), 'Sonata19', 'Pianist19'),
('03:15:00', '03:20:00', (SELECT FilmId FROM Filmy WHERE Tytul = 'Movie9' AND Kraj='Brazil' AND DataRozpoczecia='2022-09-25'), 'Jingle20', 'Composer20');
